,YEAR,STATE,StateFIP,CensusRegion,CensusDivision,FiscalEffortPercentage,FiscalEffortIncomePercentage,PredictedCostPerPupilState,ActualSpendingPerPupilState,StateEnrollment,TeacherSalary25_30,NonTeacherSalary25_30,TeacherSalary31_40,NonTeacherSalary31_40,TeacherSalary41_50,NonTeacherSalary41_50,TeacherSalary51_60,NonTeacherSalary51_60,SalaryParityAge25,SalaryParityAge35,SalaryParityAge45,SalaryParityAge55,TotalTeacherSalary
0,2016,ALABAMA,1,South,East South Central,0.0376014,0.0403342,15253.68,9243.286,728234.0,21424.07,28148.34,24919.22,32828.32,29130.38,38374.37,32792.91,43303.33,0.7611132,0.7590767,0.7591104,0.7572839,108266.58
1,2016,ALASKA,2,West,Pacific,0.0468559,0.0561201,10487.4,17631.31,123448.0,29299.77,32277.69,34323.1,37052.49,39914.07,43198.14,45417.38,48545.79,0.9077406,0.9263373,0.9239767,0.9355575,148954.32
2,2016,ARIZONA,4,West,Mountain,0.025707,0.0284033,11626.91,7530.644,929288.0,21297.6,31704.26,24621.27,35950.17,27816.88,41050.9,30695.34,45302.91,0.6717584,0.6848723,0.6776192,0.6775577,104431.09
3,2016,ARKANSAS,5,South,West South Central,0.0429278,0.0422332,14499.23,9639.397,477095.0,24270.48,30704.86,27833.72,34882.05,31496.4,39797.78,34882.95,43975.61,0.7904443,0.7979381,0.7914109,0.7932342,118483.55
4,2016,CALIFORNIA,6,West,Pacific,0.0312145,0.0361411,15329.86,10993.27,5985559.0,31267.91,37677.59,36482.43,43665.66,42029.13,50747.91,47337.85,57050.0,0.8298808,0.8354948,0.8281942,0.8297608,157117.32
5,2016,COLORADO,8,West,Mountain,0.0290747,0.032881,10414.65,9484.178,880678.0,21160.28,30446.08,24422.95,35046.75,28349.44,40502.2,31502.09,45336.68,0.6950086,0.6968678,0.6999482,0.6948476,105434.76
6,2016,CONNECTICUT,9,Northeast,New England,0.0360889,0.0383299,11022.69,18762.78,499494.0,27599.45,34977.56,32630.84,40765.72,37947.91,47911.32,42879.88,53782.07,0.7890615,0.800448,0.7920446,0.7972895,141058.08000000002
7,2016,DELAWARE,10,South,South Atlantic,0.0277452,0.0426498,13057.85,14610.66,113889.0,27694.16,34994.16,32972.49,40417.52,37307.08,47129.91,42087.57,53014.45,0.7913937,0.8157971,0.7915797,0.7938887,140061.3
8,2016,DISTRICT OF COLUMBIA,11,South,South Atlantic,0.020496,0.0506271,25075.01,20235.0,48336.0,26232.88,36203.13,32319.97,44759.25,39157.78,55636.68,48497.46,65725.46,0.7246027,0.7220847,0.7038123,0.7378794,146208.09
9,2016,FLORIDA,12,South,South Atlantic,0.0294099,0.0292619,12565.25,8920.033,2776933.0,24842.89,30049.48,28271.97,34108.06,32103.04,38784.68,35482.06,42826.36,0.8267328,0.8288941,0.827725,0.8285097,120699.95999999999
10,2016,GEORGIA,13,South,South Atlantic,0.0353939,0.0434088,15623.29,9718.79,1727085.0,21583.67,30357.46,25185.6,35278.87,29067.74,40890.16,32619.23,45794.26,0.7109843,0.7139005,0.7108737,0.7122995,108456.23999999999
11,2016,HAWAII,15,West,Pacific,0.0256664,0.0301603,13748.0,13748.0,179902.0,26296.4,30206.88,30524.03,34528.33,34725.67,39435.09,38378.54,43538.8,0.8705432,0.8840285,0.880578,0.881479,129924.64000000001
12,2016,IDAHO,16,West,Mountain,0.0305083,0.0307278,8770.953,7135.805,273558.0,20800.3,25738.57,23863.42,29602.42,27204.85,33627.07,30126.88,37505.5,0.8081374,0.8061308,0.8090162,0.8032655,101995.45000000001
13,2016,INDIANA,18,Midwest,East North Central,0.0297512,0.0347852,11139.06,9745.009,1000952.0,22445.65,28162.17,25786.83,32135.45,29560.9,36946.52,32942.64,41046.63,0.7970144,0.8024418,0.8000996,0.8025663,110736.02
14,2016,IOWA,19,Midwest,West North Central,0.036429,0.0452688,9871.402,10534.48,505304.0,24789.23,29425.77,28231.27,33132.35,32015.04,37569.29,35052.62,41409.95,0.8424327,0.8520755,0.8521599,0.846478,120088.16
15,2016,KANSAS,20,Midwest,West North Central,0.0358609,0.0409523,10557.38,9951.617,490676.0,20346.42,27607.5,23100.77,31248.32,26121.2,35545.47,29029.92,39314.67,0.7369888,0.7392642,0.7348671,0.738399,98598.31
16,2016,KENTUCKY,21,South,East South Central,0.0366564,0.0405475,11070.43,9861.806,686259.0,23122.99,27907.62,26466.31,32602.42,30892.81,37890.84,34776.66,42569.04,0.8285547,0.8117897,0.8153108,0.8169475,115258.77
17,2016,LOUISIANA,22,South,West South Central,0.0345889,0.0395754,16888.72,11048.87,655890.0,22839.19,29695.22,26724.95,34412.71,30986.49,40227.59,34907.45,45408.69,0.7691199,0.776601,0.7702796,0.7687395,115458.08
18,2016,MAINE,23,Northeast,New England,0.0409132,0.0408954,9618.096,13120.53,132983.0,23498.32,27735.55,26249.45,31453.58,30104.27,35936.32,33578.78,39983.84,0.8472275,0.8345458,0.8377116,0.8398088,113430.82
19,2016,MARYLAND,24,South,South Atlantic,0.0339312,0.0373698,13424.65,14205.81,879196.0,29065.79,35381.75,33856.73,41147.8,39354.91,47930.3,44197.02,53820.68,0.8214909,0.8228078,0.8210861,0.8211902,146474.45
20,2016,MASSACHUSETTS,25,Northeast,New England,0.030583,0.0355177,11100.21,15440.77,887181.0,29273.06,35443.09,34281.43,41194.9,39470.94,48205.37,44706.52,54259.68,0.8259173,0.8321766,0.818808,0.8239363,147731.95
21,2016,MICHIGAN,26,Midwest,East North Central,0.0350878,0.0384661,12867.29,10453.74,1335251.0,24773.78,30428.85,28788.08,35403.05,33184.04,41088.31,37132.74,45984.88,0.8141542,0.8131525,0.8076274,0.8074989,123878.63999999998
22,2016,MINNESOTA,27,Midwest,West North Central,0.0361024,0.042336,10282.69,11737.55,803321.0,26007.1,33009.56,30066.31,38064.27,34737.03,44030.37,38644.07,49099.45,0.7878656,0.7898828,0.7889333,0.787057,129454.51000000001
23,2016,MISSISSIPPI,28,South,East South Central,0.0429085,0.0428698,19119.2,8659.82,459798.0,20822.95,26094.79,24162.84,29805.52,27510.63,34290.34,30490.62,38201.51,0.7979735,0.8106833,0.8022854,0.7981522,102987.04
24,2016,MISSOURI,29,Midwest,West North Central,0.0345584,0.0386119,11374.48,9882.257,891534.0,21434.99,28507.71,24706.19,32800.18,28305.31,37755.2,31601.59,42145.59,0.7519017,0.7532333,0.7497062,0.7498197,106048.08
25,2016,MONTANA,30,West,Mountain,0.0402347,0.0403774,10010.47,11224.2,141372.0,23814.45,24408.28,27086.45,27566.54,30372.7,31051.22,33610.31,34102.88,0.9756709,0.9825842,0.9781484,0.9855565,114883.91
26,2016,NEBRASKA,31,Midwest,West North Central,0.0387159,0.0473281,10062.95,11794.87,310443.0,22945.59,28415.1,26066.58,32104.32,29362.25,36177.73,32216.25,39833.68,0.8075139,0.8119336,0.811611,0.8087692,110590.67
27,2016,NEVADA,32,West,Mountain,0.0285363,0.0327253,12883.9,8959.984,441623.0,24888.19,30844.99,28234.42,34892.27,31697.71,39369.82,34915.66,43241.23,0.8068795,0.8091884,0.805127,0.8074622,119735.98000000001
28,2016,NEW HAMPSHIRE,33,Northeast,New England,0.0374537,0.0390605,7963.317,15328.14,178955.0,23662.38,31771.02,27446.03,36408.65,31207.64,41819.71,34697.59,46595.3,0.7447786,0.7538327,0.7462425,0.7446586,117013.64
29,2016,NEW JERSEY,34,Northeast,Middle Atlantic,0.0473602,0.0495565,11235.1,17719.15,1340373.0,34992.52,37963.46,40379.4,44062.23,46725.4,51080.42,52253.74,57068.08,0.9217421,0.9164175,0.914742,0.9156386,174351.06
30,2016,NEW MEXICO,35,West,Mountain,0.0408651,0.0453856,14791.1,9692.617,319861.0,21937.44,27402.98,24952.53,31313.36,28565.14,35965.94,31620.9,40020.15,0.8005495,0.7968653,0.7942276,0.7901245,107076.01000000001
31,2016,NEW YORK,36,Northeast,Middle Atlantic,0.043507,0.0562525,15874.91,22371.33,2580682.0,33284.54,36678.82,38492.22,42277.43,44303.93,49021.76,49561.65,54861.46,0.9074593,0.9104673,0.9037606,0.9033965,165642.34
32,2016,NORTH CAROLINA,37,South,South Atlantic,0.0275001,0.0333504,13136.65,8792.007,1462036.0,22423.37,30430.5,26010.08,35189.56,29944.79,40593.07,33594.29,45451.99,0.7368714,0.7391419,0.7376823,0.739116,111972.53
33,2016,NORTH DAKOTA,38,Midwest,West North Central,0.0351269,0.0465654,8894.794,12813.22,104932.0,26155.67,28713.46,29473.17,32376.2,33586.52,36543.91,36956.45,40024.25,0.9109201,0.9103345,0.9190732,0.9233513,126171.80999999998
34,2016,OHIO,39,Midwest,East North Central,0.0376208,0.0441768,12388.04,11185.09,1595023.0,25502.57,30168.57,29619.66,34822.33,34124.92,40335.95,37956.52,45048.26,0.8453357,0.850594,0.8460177,0.8425745,127203.66999999998
35,2016,OKLAHOMA,40,South,West South Central,0.0322599,0.034654,11473.27,8078.165,670439.0,20122.57,29742.31,22813.85,33841.04,25692.36,38407.64,28539.77,42459.59,0.6765638,0.6741475,0.6689386,0.672163,97168.55
36,2016,OREGON,41,West,Pacific,0.0346189,0.0387819,10201.63,10299.24,566007.0,23264.14,29728.32,26788.24,34164.76,30783.25,39443.14,34534.35,44022.44,0.7825581,0.7840897,0.7804462,0.7844715,115369.98000000001
37,2016,PENNSYLVANIA,42,Northeast,Middle Atlantic,0.039285,0.043276,11147.65,14022.0,1570310.0,28406.74,30272.83,33023.42,35038.07,37938.0,40767.49,42672.21,45739.29,0.9383578,0.9425011,0.9305946,0.9329445,142040.37
38,2016,RHODE ISLAND,44,Northeast,New England,0.0425712,0.0457597,11713.81,15385.49,133856.0,31626.54,32547.15,37364.2,38404.25,43441.28,45298.15,49377.05,51606.79,0.9717143,0.9729185,0.9590079,0.9567937,161809.07
39,2016,SOUTH CAROLINA,45,South,South Atlantic,0.0408151,0.0433926,14094.85,10199.04,707724.0,21201.0,27097.32,24442.61,31530.65,28375.5,36673.64,32029.88,41080.43,0.782402,0.7752017,0.77373,0.7796869,106048.99
40,2016,SOUTH DAKOTA,46,Midwest,West North Central,0.0294505,0.0339173,9447.474,9085.21,130069.0,23861.11,26950.8,26216.99,29528.79,29040.71,32672.17,31147.28,35211.49,0.8853583,0.8878452,0.8888515,0.884577,110266.09
41,2016,TENNESSEE,47,South,East South Central,0.0281768,0.0326306,10751.47,8680.531,843337.0,20522.26,26318.35,24173.62,31036.9,28409.67,36635.92,32359.61,41558.45,0.7797701,0.7788669,0.7754596,0.778653,105465.15999999999
42,2016,TEXAS,48,South,West South Central,0.033881,0.0411106,15686.04,8931.258,5046156.0,23874.37,33140.43,27636.52,38327.16,31937.03,44284.58,35793.02,49704.79,0.7204,0.7210687,0.7211773,0.7201121,119240.94
43,2016,UTAH,49,West,Mountain,0.0314987,0.038677,7898.826,6918.48,545792.0,21736.21,28666.34,25598.58,33558.27,29649.02,39148.47,33931.84,44315.47,0.7582488,0.7628099,0.7573481,0.7656885,110915.65
44,2016,VERMONT,50,Northeast,New England,0.0513845,0.0512726,9466.373,18536.14,18406.0,25384.48,27924.43,29108.99,31980.47,33246.15,36641.24,37092.83,40749.06,0.9090421,0.9102113,0.9073424,0.9102745,124832.45
45,2016,VIRGINIA,51,South,South Atlantic,0.033562,0.037015,12242.92,11431.72,1283493.0,24875.61,33361.09,28450.44,38640.95,33170.3,44744.18,37290.35,50084.85,0.7456474,0.7362769,0.7413321,0.7445436,123786.70000000001
46,2016,WEST VIRGINIA,54,South,South Atlantic,0.0436812,0.0448611,9572.781,11136.8,276764.0,23737.2,27258.03,27673.73,31868.69,32535.6,37002.04,36451.23,41964.71,0.8708335,0.8683674,0.8792922,0.8686161,120397.76000000001
47,2016,WISCONSIN,55,Midwest,East North Central,0.0356235,0.0407152,10891.83,11432.68,854259.0,25062.17,30912.0,28824.6,35430.94,32889.61,40563.8,36284.3,44971.81,0.8107586,0.8135433,0.8108119,0.8068233,123060.68000000001
48,2016,WYOMING,56,West,Mountain,0.054396,0.0615196,7707.893,16441.95,94511.0,26114.25,26428.99,29609.71,30188.37,33985.51,34448.28,37428.38,38413.42,0.9880911,0.9808319,0.9865662,0.974357,127137.85
49,2017,ALABAMA,1,South,East South Central,0.037235,0.0401964,15578.03,9513.052,728698.0,21334.03,27675.3,24839.41,32181.89,29021.21,37647.59,32549.13,42413.46,0.7708688,0.7718444,0.7708652,0.7674246,107743.78
50,2017,ALASKA,2,West,Pacific,0.0452197,0.0558721,10833.29,17952.8,123706.0,27106.04,32541.21,32686.65,37935.78,37271.03,43523.49,41807.17,48919.53,0.8329757,0.8616313,0.8563429,0.854611,138870.89
51,2017,ARIZONA,4,West,Mountain,0.025666,0.0285159,11151.12,7901.481,932869.0,21895.95,33161.2,24939.33,37757.05,28321.85,42978.38,31397.27,47605.51,0.6602881,0.660521,0.658979,0.6595303,106554.40000000001
52,2017,ARKANSAS,5,South,West South Central,0.0425736,0.0414757,14857.41,9755.605,473076.0,23274.92,29952.7,26782.2,34121.14,30576.32,38929.63,33743.44,42961.32,0.7770557,0.784915,0.7854255,0.7854376,114376.88
53,2017,CALIFORNIA,6,West,Pacific,0.0325754,0.0379496,15053.07,11727.23,5980002.0,31970.99,38894.44,37263.5,45090.87,43036.19,52376.65,48384.83,58865.04,0.8219938,0.8264089,0.8216675,0.8219622,160655.51
54,2017,COLORADO,8,West,Mountain,0.0293194,0.0333294,10474.44,9716.551,885492.0,21568.62,31540.85,24818.74,36322.77,28748.63,41979.25,32012.83,47027.29,0.683831,0.6832834,0.6848294,0.6807288,107148.82
55,2017,CONNECTICUT,9,Northeast,New England,0.0350802,0.0375166,11714.58,19125.84,496074.0,30148.07,35729.16,34700.26,41667.75,40766.43,48842.41,45973.44,54934.95,0.8437945,0.8327845,0.8346523,0.8368704,151588.2
56,2017,DELAWARE,10,South,South Atlantic,0.0297773,0.0432386,13776.67,15180.45,114306.0,28092.14,36167.2,31509.22,42162.37,37160.36,49164.23,41679.98,55049.83,0.7767296,0.7473304,0.7558414,0.7571319,138441.7
57,2017,DISTRICT OF COLUMBIA,11,South,South Atlantic,0.021249,0.0520096,24286.21,21974.0,48462.0,29238.11,37044.63,35981.64,45755.09,44582.04,57041.1,52527.65,67199.55,0.7892672,0.7863964,0.7815776,0.7816667,162329.44
58,2017,FLORIDA,12,South,South Atlantic,0.0289507,0.0287163,13073.58,9075.39,2801945.0,24331.31,30699.02,27644.28,34881.63,31308.74,39659.21,34572.77,43751.54,0.7925763,0.7925168,0.7894443,0.7902069,117857.1
59,2017,GEORGIA,13,South,South Atlantic,0.0354635,0.043589,15828.68,10154.41,1732691.0,22244.93,31395.22,25890.93,36489.84,29975.24,42346.67,33540.9,47436.39,0.7085451,0.7095379,0.7078537,0.7070712,111652.0
60,2017,HAWAII,15,West,Pacific,0.0242121,0.0283236,14960.0,14960.0,179255.0,26287.29,31878.46,30205.52,36277.96,34047.03,41189.39,37641.25,45756.58,0.8246098,0.8326135,0.8265972,0.8226413,128181.09
61,2017,IDAHO,16,West,Mountain,0.0314491,0.0315793,8783.205,7465.937,277656.0,19929.56,26434.68,22784.05,30179.14,26052.53,34524.29,28943.94,38700.62,0.753917,0.7549602,0.7546147,0.7478934,97710.08
62,2017,INDIANA,18,Midwest,East North Central,0.0300877,0.0352608,10983.87,9932.552,1000414.0,23383.23,29307.22,26807.79,33612.96,30662.79,38569.48,34119.56,42751.0,0.7978658,0.7975432,0.7950013,0.7980998,114973.37
63,2017,IOWA,19,Midwest,West North Central,0.0366045,0.0452767,9829.178,10842.22,507627.0,25895.75,30951.32,29277.76,35064.49,33092.26,39689.75,36527.44,43683.36,0.8366605,0.8349687,0.8337734,0.8361865,124793.20999999999
64,2017,KANSAS,20,Midwest,West North Central,0.0369262,0.0428684,11091.97,10455.11,489292.0,21615.33,28262.08,24525.3,31972.02,27852.47,36224.89,30795.76,40126.75,0.7648174,0.7670863,0.7688766,0.7674622,104788.86
65,2017,KENTUCKY,21,South,East South Central,0.0367393,0.0407057,10863.3,10120.25,683686.0,22063.52,28107.2,25705.84,32746.81,29833.49,38031.3,33464.44,42896.81,0.7849773,0.7849876,0.7844458,0.7801148,111067.29000000001
66,2017,LOUISIANA,22,South,West South Central,0.034625,0.0397727,16861.33,11205.97,651625.0,23501.94,29932.88,27495.01,34760.98,31741.12,40604.77,35690.27,45669.76,0.7851548,0.7909735,0.7817093,0.7814859,118428.34
67,2017,MAINE,23,Northeast,New England,0.0418182,0.0419598,9417.568,13651.2,131798.0,23216.11,28470.58,26233.54,32405.56,29615.02,36920.51,32968.02,40980.14,0.8154421,0.8095382,0.8021293,0.8044879,112032.69
68,2017,MARYLAND,24,South,South Atlantic,0.0347818,0.0385321,13860.03,14847.86,885820.0,29367.08,35480.48,34473.0,41232.11,39854.3,48085.73,44767.91,54086.74,0.8276969,0.8360716,0.8288177,0.8277058,148462.29
69,2017,MASSACHUSETTS,25,Northeast,New England,0.031127,0.0358555,11746.25,16040.3,884666.0,29951.18,36495.99,34926.84,42472.55,40967.99,49693.17,46129.81,55924.91,0.8206704,0.8223393,0.824419,0.8248526,151975.82
70,2017,MICHIGAN,26,Midwest,East North Central,0.0351332,0.0385564,13031.42,10645.68,1327204.0,25604.68,30981.46,29585.58,35950.82,34212.18,41759.79,38155.59,46750.44,0.8264515,0.8229458,0.8192612,0.8161547,127558.03
71,2017,MINNESOTA,27,Midwest,West North Central,0.0370758,0.0435455,10521.18,11996.41,810824.0,26450.12,33999.02,30776.49,39040.55,35306.33,45204.63,39279.16,50504.2,0.777967,0.7883211,0.7810334,0.7777405,131812.1
72,2017,MISSISSIPPI,28,South,East South Central,0.0426028,0.0425301,18889.68,8736.886,455904.0,20542.33,25921.61,23479.36,29816.31,26707.76,34104.71,29973.17,37901.05,0.792479,0.7874671,0.7831107,0.790827,100702.62
73,2017,MISSOURI,29,Midwest,West North Central,0.0341484,0.0379673,11570.23,10140.45,887420.0,22241.75,29637.28,25624.6,34034.23,29397.72,39282.17,32830.55,43679.06,0.7504655,0.7529066,0.7483733,0.7516314,110094.62000000001
74,2017,MONTANA,30,West,Mountain,0.0397328,0.0393562,10053.59,11324.85,142144.0,25252.12,25905.03,28507.96,29145.81,32014.03,32877.75,35233.79,36235.57,0.9747961,0.9781154,0.9737294,0.9723539,121007.9
75,2017,NEBRASKA,31,Midwest,West North Central,0.039135,0.0492817,10750.78,12089.05,313673.0,24304.43,29006.13,27343.14,32682.89,31019.2,36890.69,34382.41,40699.05,0.8379067,0.8366196,0.8408408,0.8447964,117049.18000000001
76,2017,NEVADA,32,West,Mountain,0.0295386,0.0339316,13222.64,9319.908,442931.0,26446.65,31940.68,30067.55,35970.55,33962.33,40610.8,37322.05,44679.9,0.8279927,0.8358935,0.8362881,0.8353209,127798.58
77,2017,NEW HAMPSHIRE,33,Northeast,New England,0.0372917,0.0383098,8627.812,15730.82,177446.0,25162.94,31400.09,29049.36,36131.61,33296.21,41609.25,37105.83,46124.52,0.8013653,0.8039872,0.8002118,0.8044708,124614.34000000001
78,2017,NEW JERSEY,34,Northeast,Middle Atlantic,0.0470544,0.048606,11589.65,18289.32,1331554.0,36226.77,38179.04,41967.28,44227.2,48523.99,51299.96,54468.34,57468.24,0.9488655,0.9489021,0.9458874,0.947799,181186.37999999998
79,2017,NEW MEXICO,35,West,Mountain,0.040803,0.0452349,14397.91,9888.314,315822.0,22577.63,27983.5,25851.51,31929.19,29588.07,36870.77,32912.36,40960.97,0.8068193,0.8096514,0.8024802,0.8035054,110929.56999999999
80,2017,NEW YORK,36,Northeast,Middle Atlantic,0.0438164,0.0560524,16353.88,23097.66,2587879.0,34699.13,37235.73,40196.29,42931.4,46242.32,49688.48,51804.13,55627.33,0.9318772,0.9362912,0.9306446,0.9312712,172941.87
81,2017,NORTH CAROLINA,37,South,South Atlantic,0.0279635,0.0340195,13305.0,9072.064,1457357.0,22334.78,31194.46,26089.94,35968.92,29995.76,41563.01,33526.16,46523.9,0.7159854,0.7253468,0.7216936,0.7206224,111946.64
82,2017,NORTH DAKOTA,38,Midwest,West North Central,0.0337661,0.0451831,9217.099,13203.49,106135.0,27228.2,30041.56,30510.22,33869.02,34843.63,37985.35,37880.66,42107.52,0.9063511,0.9008298,0.9172911,0.8996177,130462.70999999999
83,2017,OHIO,39,Midwest,East North Central,0.0384404,0.045244,12970.69,11695.36,1590877.0,25166.83,31005.73,29041.59,35776.73,33499.16,41428.75,37408.8,46337.95,0.8116831,0.811745,0.8085968,0.8073037,125116.38
84,2017,OKLAHOMA,40,South,West South Central,0.0309805,0.0339661,11680.26,7939.695,667474.0,21588.51,29337.08,24648.2,33229.98,27900.23,37796.37,30991.19,41657.22,0.735878,0.7417458,0.7381724,0.7439571,105128.13
85,2017,OREGON,41,West,Pacific,0.0350917,0.0392753,10725.33,10675.69,568629.0,24381.7,31310.43,28510.67,35934.91,32603.68,41369.64,36218.24,46352.71,0.7787086,0.7933975,0.7881064,0.7813619,121714.28999999998
86,2017,PENNSYLVANIA,42,Northeast,Middle Atlantic,0.0401983,0.0441482,11179.98,14410.0,1573983.0,28408.18,31216.23,33029.19,36138.0,38219.65,42072.95,43003.59,47235.06,0.9100452,0.9139739,0.9084139,0.9104167,142660.61
87,2017,RHODE ISLAND,44,Northeast,New England,0.0435712,0.0464737,12474.49,15813.29,133230.0,34241.07,34800.31,41071.75,40910.07,46890.06,48217.55,53130.4,54637.34,0.9839301,1.003952,0.9724689,0.9724191,175333.28
88,2017,SOUTH CAROLINA,45,South,South Atlantic,0.0411218,0.0434569,14450.13,10532.37,712716.0,21340.2,27105.61,24678.36,31490.35,28512.92,36461.75,32186.82,40992.82,0.7872984,0.7836798,0.7819954,0.7851818,106718.29999999999
89,2017,SOUTH DAKOTA,46,Midwest,West North Central,0.0300792,0.0350808,9693.889,9829.244,132165.0,24988.62,27737.37,27739.44,30613.69,30666.14,33811.59,33005.17,36408.68,0.900901,0.9061122,0.9069712,0.9065193,116399.37
90,2017,TENNESSEE,47,South,East South Central,0.0285138,0.033018,10981.19,9000.999,845347.0,20788.06,27131.58,24533.19,31998.95,28760.89,37685.67,32597.31,42921.93,0.7661941,0.7666872,0.7631785,0.7594558,106679.45
91,2017,TEXAS,48,South,West South Central,0.0348017,0.0422605,15754.26,9285.069,5082096.0,24337.0,33939.43,28073.73,39205.96,32500.12,45354.74,36356.07,50827.25,0.7170715,0.7160578,0.716576,0.715287,121266.91999999998
92,2017,UTAH,49,West,Mountain,0.0314424,0.038892,8117.358,7153.631,553599.0,21258.55,29074.61,25316.74,34104.04,29041.52,39647.69,33018.74,44901.07,0.7311723,0.7423385,0.7324896,0.7353665,108635.54999999999
93,2017,VERMONT,50,Northeast,New England,0.0516374,0.0517281,9466.373,18536.14,18406.0,26611.86,26909.63,30560.44,30783.42,34928.55,35122.99,38538.53,39119.93,0.9889344,0.9927565,0.994464,0.9851381,130639.38
94,2017,VIRGINIA,51,South,South Atlantic,0.0348561,0.0382432,12376.52,11884.99,1286711.0,24867.0,33914.46,28844.87,39327.51,33419.92,45603.39,37276.58,51018.45,0.7332271,0.7334528,0.7328385,0.7306491,124408.37
95,2017,WEST VIRGINIA,54,South,South Atlantic,0.0425148,0.044425,9973.696,11400.51,273170.0,22696.58,26997.47,26893.96,31361.5,31145.95,36809.79,35445.81,41729.8,0.8406928,0.8575473,0.8461323,0.8494124,116182.3
96,2017,WISCONSIN,55,Midwest,East North Central,0.0359463,0.0407452,11050.04,11944.29,852453.0,25728.43,32363.64,29432.36,36906.75,33635.8,42236.66,36923.59,46785.5,0.7949793,0.7974789,0.796365,0.7892101,125720.18
97,2017,WYOMING,56,West,Mountain,0.0527814,0.0593292,8327.978,16536.87,93925.0,25178.96,27860.31,27991.91,31549.44,31722.37,36324.35,35424.94,40146.14,0.9037572,0.8872396,0.8733088,0.8823997,120318.18
98,2018,ALABAMA,1,South,East South Central,0.0364032,0.0393979,16600.88,9695.174,725552.0,22020.27,27917.01,25526.79,32607.85,29934.48,38073.77,33870.33,43038.52,0.7887762,0.7828419,0.7862231,0.7869772,111351.87
99,2018,ALASKA,2,West,Pacific,0.0417932,0.0525449,11862.44,17823.7,123577.0,34390.12,31713.37,40078.21,36693.82,46905.24,42510.67,51752.69,47527.97,1.084404,1.092233,1.103376,1.088889,173126.26
100,2018,ARIZONA,4,West,Mountain,0.0248814,0.0277157,11510.65,8167.066,917226.0,22026.46,33507.32,25166.2,38099.29,28611.53,43360.68,31682.97,48040.34,0.6573628,0.6605425,0.6598496,0.6595076,107487.16
101,2018,ARKANSAS,5,South,West South Central,0.0422034,0.0414064,15462.74,9927.65,473325.0,24531.9,30688.41,28170.5,34869.0,32165.64,39796.36,35471.87,44052.91,0.7993867,0.8078955,0.8082559,0.8052105,120339.91
102,2018,CALIFORNIA,6,West,Pacific,0.031865,0.0378948,15167.74,11666.42,5969469.0,32393.71,40261.61,37767.56,46654.11,43691.16,54201.34,49071.34,60941.67,0.8045808,0.8095227,0.8060901,0.8052183,162923.77
103,2018,COLORADO,8,West,Mountain,0.0304594,0.0343898,10904.17,10115.71,889510.0,23038.75,32019.08,26740.62,36816.95,30563.16,42643.14,34183.98,47742.4,0.7195319,0.7263126,0.7167193,0.7160088,114526.51000000001
104,2018,CONNECTICUT,9,Northeast,New England,0.0350748,0.0375191,12639.72,19916.27,491590.0,31013.47,35877.48,36224.89,41906.68,42427.82,49013.89,47287.06,55200.13,0.864427,0.8644181,0.8656285,0.8566476,156953.24
105,2018,DELAWARE,10,South,South Atlantic,0.0298705,0.0418462,15038.41,15521.74,113857.0,28893.07,34060.81,33327.72,39528.46,38663.91,46061.76,43398.78,51726.45,0.848279,0.8431323,0.8393928,0.8390056,144283.48
106,2018,DISTRICT OF COLUMBIA,11,South,South Atlantic,0.0212806,0.0523788,25188.55,22759.0,48205.0,28315.12,37811.8,33977.98,46993.93,44192.98,58389.8,50846.41,69014.88,0.7488436,0.7230291,0.7568613,0.7367457,157332.49000000002
107,2018,FLORIDA,12,South,South Atlantic,0.0283843,0.0277649,13242.19,9346.021,2812329.0,25030.61,31066.89,28371.67,35231.52,32137.82,40041.07,35592.39,44190.34,0.8057005,0.8052923,0.8026215,0.8054338,121132.49
108,2018,GEORGIA,13,South,South Atlantic,0.0352971,0.0431474,16311.89,10756.18,1733206.0,22844.21,32009.0,26657.33,37169.19,30869.56,43197.59,34586.58,48367.81,0.713681,0.7171888,0.714613,0.7150744,114957.68000000001
109,2018,HAWAII,15,West,Pacific,0.0254721,0.0300923,15808.0,15808.0,179698.0,26915.12,31984.1,31307.17,36453.23,35232.84,41555.85,39054.66,45991.67,0.8415154,0.8588312,0.8478431,0.849168,132509.78999999998
110,2018,IDAHO,16,West,Mountain,0.031545,0.0317426,9169.052,7750.337,281256.0,22110.2,27082.41,25253.03,31198.2,28780.8,35716.03,32236.82,39690.81,0.8164043,0.8094388,0.805823,0.8121985,108380.85
111,2018,INDIANA,18,Midwest,East North Central,0.0291323,0.0343483,11623.37,10150.86,1001173.0,23299.08,29440.46,26674.43,33717.16,30495.51,38683.22,33972.2,42914.28,0.7913964,0.7911233,0.7883394,0.7916291,114441.22
112,2018,IOWA,19,Midwest,West North Central,0.036355,0.0450453,10637.29,11107.11,509673.0,24825.1,30433.53,28174.56,34397.23,31877.28,38872.75,35118.09,42970.32,0.8157153,0.8190936,0.8200419,0.8172639,119995.03
113,2018,KANSAS,20,Midwest,West North Central,0.0372673,0.0432682,11378.4,11110.61,491593.0,21716.61,28722.02,24767.14,32514.85,27949.2,37143.36,30894.07,40987.9,0.7560962,0.7617179,0.7524682,0.7537364,105327.01999999999
114,2018,KENTUCKY,21,South,East South Central,0.0362535,0.0401966,11601.63,11109.14,680630.0,23022.44,28495.73,26794.49,33258.55,31196.21,38748.26,34979.96,43459.06,0.807926,0.805642,0.8050997,0.8048944,115993.1
115,2018,LOUISIANA,22,South,West South Central,0.0319179,0.0379395,17252.0,11460.44,639502.0,24185.76,30563.18,28157.0,35503.13,32671.51,41478.41,36783.69,46611.98,0.7913365,0.7930852,0.7876751,0.7891467,121797.95999999999
116,2018,MAINE,23,Northeast,New England,0.041878,0.0420371,10146.98,13874.96,132971.0,23021.59,30555.62,26467.53,34812.21,30051.06,39811.82,33553.59,44114.79,0.7534323,0.7602944,0.7548277,0.7605972,113093.76999999999
117,2018,MARYLAND,24,South,South Atlantic,0.0346379,0.038391,14602.45,14761.73,893284.0,30435.97,37531.68,35469.11,43620.13,41468.9,50837.23,46237.41,57284.96,0.8109407,0.8131362,0.8157191,0.8071474,153611.39
118,2018,MASSACHUSETTS,25,Northeast,New England,0.0302142,0.0347879,12025.45,16908.13,871261.0,30691.73,37223.59,35727.04,43307.9,41614.63,50626.98,46871.45,57052.49,0.8245234,0.8249543,0.8219853,0.8215495,154904.84999999998
119,2018,MICHIGAN,26,Midwest,East North Central,0.0355532,0.0388648,13844.93,11028.27,1325441.0,24479.26,31908.49,28533.72,36954.76,32707.69,43007.95,36561.65,48163.5,0.7671709,0.7721257,0.7605033,0.7591153,122282.32
120,2018,MINNESOTA,27,Midwest,West North Central,0.0371369,0.0431858,10847.96,12311.78,814361.0,26817.32,35248.72,31114.64,40633.97,35765.1,46853.48,39660.68,52372.56,0.7608026,0.7657298,0.7633392,0.7572797,133357.74
121,2018,MISSISSIPPI,28,South,East South Central,0.0413945,0.0412979,19894.48,8893.312,451305.0,21203.66,26423.19,24558.0,30251.81,27815.84,34754.68,31128.46,38689.71,0.8024642,0.8117859,0.800348,0.8045669,104705.95999999999
122,2018,MISSOURI,29,Midwest,West North Central,0.0340705,0.0377662,12068.91,10497.22,885796.0,21434.81,30757.62,24791.02,35398.04,28304.2,40775.48,31573.47,45365.3,0.6968943,0.7003499,0.6941475,0.695983,106103.5
123,2018,MONTANA,30,West,Mountain,0.0402793,0.0405034,10677.15,11550.28,143088.0,23057.03,28361.75,25558.84,31888.13,28995.75,35835.11,32075.96,39573.29,0.8129619,0.8015156,0.8091437,0.8105457,109687.57999999999
124,2018,NEBRASKA,31,Midwest,West North Central,0.0375716,0.0474413,10935.12,12293.67,318209.0,24165.68,29268.67,27417.45,33142.5,30965.75,37344.77,34188.7,41106.76,0.82565,0.8272596,0.8291856,0.8317051,116737.58
125,2018,NEVADA,32,West,Mountain,0.0291202,0.0333005,14158.77,9294.349,447389.0,26170.96,32843.97,29583.09,37110.86,33208.05,41911.67,36375.29,46018.36,0.7968268,0.7971547,0.7923342,0.7904518,125337.39000000001
126,2018,NEW HAMPSHIRE,33,Northeast,New England,0.0373541,0.0379337,8512.228,16873.37,170566.0,24853.17,32441.22,28851.36,37166.35,32923.97,42756.62,36730.13,47414.6,0.7660985,0.7762764,0.7700322,0.7746586,123358.63
127,2018,NEW JERSEY,34,Northeast,Middle Atlantic,0.046069,0.0472677,12009.3,18864.39,1325253.0,35619.98,39828.45,41105.7,46166.33,47627.74,53498.04,53363.14,59941.27,0.894335,0.8903826,0.8902708,0.8902571,177716.56
128,2018,NEW MEXICO,35,West,Mountain,0.0376722,0.042181,15225.7,9582.113,318092.0,22675.73,28596.82,25725.2,32788.12,29470.38,37520.26,32541.84,41847.21,0.7929459,0.784589,0.7854523,0.7776346,110413.15
129,2018,NEW YORK,36,Northeast,Middle Atlantic,0.043522,0.0555756,16926.12,24059.07,2572236.0,35593.71,38633.5,41262.31,44496.68,47448.92,51568.81,53086.61,57661.09,0.9213173,0.9273121,0.9201089,0.9206661,177391.55
130,2018,NORTH CAROLINA,37,South,South Atlantic,0.0276801,0.0333287,13833.78,9376.643,1451980.0,22959.95,31397.47,26392.62,36245.63,30547.64,41916.22,34154.84,46844.9,0.7312675,0.72816,0.7287785,0.7291048,114055.04999999999
131,2018,NORTH DAKOTA,38,Midwest,West North Central,0.0314485,0.0438284,9497.314,13183.73,108484.0,27099.69,31754.29,30015.55,35638.24,34327.16,40212.1,37357.83,44396.5,0.8534185,0.8422288,0.8536525,0.8414588,128800.23
132,2018,OHIO,39,Midwest,East North Central,0.0379856,0.0446697,13325.76,12063.46,1587451.0,26944.92,31262.31,31176.16,36146.0,35880.57,41846.61,39851.57,46779.7,0.8618981,0.8625064,0.8574308,0.8518989,133853.22
133,2018,OKLAHOMA,40,South,West South Central,0.0304667,0.0335717,12278.69,8221.772,663792.0,19594.03,29107.34,22393.6,33168.11,25360.27,37551.83,27996.47,41507.67,0.6731644,0.6751545,0.6753405,0.6744891,95344.37
134,2018,OREGON,41,West,Pacific,0.0357945,0.0401707,10721.28,11281.77,578595.0,24891.19,32198.86,28738.27,37012.08,33005.89,42585.44,36640.14,47728.31,0.7730458,0.7764567,0.7750512,0.7676816,123275.49
135,2018,PENNSYLVANIA,42,Northeast,Middle Atlantic,0.0403684,0.0441358,11822.15,14951.34,1567704.0,29007.48,31832.78,33559.33,36827.05,38718.98,42797.15,43422.08,48089.6,0.9112456,0.9112684,0.9047093,0.9029413,144707.87
136,2018,RHODE ISLAND,44,Northeast,New England,0.0435197,0.0453037,13444.76,16058.5,133291.0,34496.38,34154.34,40589.36,40332.58,47795.82,47285.11,53878.17,53806.16,1.010015,1.006367,1.010801,1.001338,176759.72999999998
137,2018,SOUTH CAROLINA,45,South,South Atlantic,0.0414925,0.0437024,15098.8,10797.33,715694.0,21967.76,29031.9,25576.44,33706.47,29468.38,39181.53,33285.71,43896.08,0.7566766,0.7587991,0.7520989,0.7582844,110298.29000000001
138,2018,SOUTH DAKOTA,46,Midwest,West North Central,0.0315483,0.0363601,10005.85,9959.169,133752.0,25379.16,27377.49,27945.39,30037.67,30585.99,33135.51,33124.11,35830.59,0.9270082,0.9303449,0.9230578,0.9244645,117034.65000000001
139,2018,TENNESSEE,47,South,East South Central,0.0284723,0.0328341,11476.34,9333.566,847148.0,20957.85,27424.12,24779.84,32252.63,29077.96,38185.45,33125.0,43260.53,0.7642123,0.7683044,0.7614931,0.7657095,107940.65
140,2018,TEXAS,48,South,West South Central,0.0333667,0.0405715,16490.02,9513.759,5098786.0,24459.06,34287.64,28281.57,39602.86,32716.84,45878.07,36618.54,51396.0,0.713349,0.7141294,0.713126,0.7124784,122076.01000000001
141,2018,UTAH,49,West,Mountain,0.0305974,0.0386698,8548.953,7589.922,558089.0,22585.44,29819.48,26109.34,34943.2,30733.53,40601.63,34565.19,46029.96,0.7574056,0.7471938,0.7569532,0.7509281,113993.5
142,2018,VERMONT,50,Northeast,New England,0.05151095,0.05150035,9466.373,18536.14,18406.0,27638.09,27704.9,31677.7,31890.5,35956.97,36096.7,40131.95,40336.05,0.9975887,0.993327,0.9961291,0.9949399,135404.71000000002
143,2018,VIRGINIA,51,South,South Atlantic,0.0336709,0.0370493,12880.68,12215.09,1291239.0,25794.23,34723.49,29886.49,40219.63,34672.84,46613.41,38702.55,52245.95,0.7428468,0.7430821,0.7438383,0.7407761,129056.11
144,2018,WEST VIRGINIA,54,South,South Atlantic,0.039166,0.0413252,10253.42,11220.69,272266.0,21580.59,26881.21,25037.4,31420.35,29288.24,36714.71,33717.15,41558.7,0.8028131,0.7968532,0.7977249,0.8113139,109623.38
145,2018,WISCONSIN,55,Midwest,East North Central,0.0374757,0.0418369,11465.93,12281.57,848463.0,25290.1,32190.81,29082.62,36790.33,33177.99,42070.68,36646.31,46576.61,0.785631,0.7904963,0.7886249,0.7867965,124197.01999999999
146,2018,WYOMING,56,West,Mountain,0.0453811,0.0511815,8660.196,16223.68,93647.0,25845.67,27502.72,29679.53,31140.25,34543.46,35539.43,37810.54,39534.14,0.9397495,0.9530923,0.9719758,0.9564022,127879.20000000001
147,2019,ALABAMA,1,South,East South Central,0.0359766,0.0386632,16320.24,10078.78,721964.0,22589.01,28604.41,26180.85,33372.19,30499.16,39034.06,34291.35,44036.84,0.7897035,0.784511,0.7813475,0.7786968,113560.37
148,2019,ALASKA,2,West,Pacific,0.0426976,0.0524253,11965.38,18573.38,121084.0,28621.74,32859.51,33344.09,37876.53,38133.48,43807.86,42887.66,49086.43,0.8710338,0.8803365,0.8704713,0.8737172,142986.97
149,2019,ARIZONA,4,West,Mountain,0.0265397,0.0291338,11592.33,8542.731,928804.0,23878.94,34380.78,27307.51,39209.68,31110.56,44603.68,34286.74,49303.3,0.6945432,0.6964481,0.6974887,0.6954249,116583.75
150,2019,ARKANSAS,5,South,West South Central,0.0425512,0.0417583,15048.06,10147.13,470454.0,26089.04,30464.49,30052.72,34785.49,33976.38,39511.53,37651.07,43697.57,0.8563753,0.8639443,0.8599107,0.8616285,127769.20999999999
151,2019,CALIFORNIA,6,West,Pacific,0.0318998,0.0378266,15145.92,13433.51,5508921.0,33593.52,41958.85,39160.04,48548.95,45264.52,56465.13,50770.85,63471.34,0.8006303,0.8066093,0.8016367,0.799902,168788.93
152,2019,COLORADO,8,West,Mountain,0.0304237,0.0336772,11004.42,10937.76,889886.0,22797.22,34105.84,26239.4,39211.2,30375.25,45406.46,33773.05,50765.5,0.6684256,0.6691814,0.6689631,0.6652756,113184.92
153,2019,CONNECTICUT,9,Northeast,New England,0.0347175,0.0367676,13339.49,20540.25,486809.0,31345.88,37995.05,36691.55,44200.36,42831.82,51843.62,48336.05,58525.82,0.8249989,0.8301189,0.8261735,0.8258928,159205.3
154,2019,DELAWARE,10,South,South Atlantic,0.0301581,0.0429976,15307.83,16186.26,115243.0,28957.33,36435.98,33410.78,41894.77,38484.59,48913.92,43238.04,54770.39,0.7947455,0.797493,0.7867818,0.7894418,144090.74
155,2019,DISTRICT OF COLUMBIA,11,South,South Atlantic,0.0208947,0.0514597,23407.37,22562.0,49065.0,27651.11,39462.77,33313.54,48663.94,41251.2,60444.49,48805.48,71614.3,0.7006884,0.684563,0.6824642,0.6815047,151021.33000000002
156,2019,FLORIDA,12,South,South Atlantic,0.0281669,0.0269901,13111.04,9645.304,2827129.0,25462.91,31822.52,29092.05,36198.62,32891.04,41124.59,36373.16,45420.42,0.8001539,0.8036785,0.79979,0.8008108,123819.16
157,2019,GEORGIA,13,South,South Atlantic,0.0348743,0.0424918,16585.88,11172.32,1735266.0,23288.72,33401.88,27040.32,38807.99,31457.87,45005.36,35055.89,50444.91,0.6972277,0.696772,0.6989804,0.6949342,116842.8
158,2019,HAWAII,15,West,Pacific,0.026316,0.030778,14789.0,14789.0,179331.0,30669.29,32419.47,34827.75,36887.9,39811.96,41935.97,43813.89,46557.56,0.9460145,0.9441512,0.9493511,0.9410692,149122.89
159,2019,IDAHO,16,West,Mountain,0.0312852,0.0313897,9345.26,7963.015,287904.0,21304.63,28666.67,24344.28,32853.03,27853.47,37570.85,31115.9,41744.91,0.7431849,0.7410055,0.7413585,0.7453818,104618.28
160,2019,INDIANA,18,Midwest,East North Central,0.0307747,0.0359262,11505.43,10283.1,1000144.0,24854.0,30128.28,28396.85,34501.13,32543.8,39590.91,36071.71,43987.99,0.8249395,0.8230701,0.8220016,0.8200353,121866.35999999999
161,2019,IOWA,19,Midwest,West North Central,0.0368861,0.0446559,10693.27,11266.67,514496.0,27845.09,31783.95,31400.29,36041.81,35675.13,40826.43,39223.15,44997.8,0.8760739,0.8712184,0.8738242,0.8716681,134143.66
162,2019,KANSAS,20,Midwest,West North Central,0.0382032,0.043872,11466.17,11354.98,492783.0,23445.4,30881.34,26618.87,35081.46,30302.95,39819.14,33395.09,43958.54,0.7592095,0.758773,0.7610146,0.7596952,113762.31
163,2019,KENTUCKY,21,South,East South Central,0.036006,0.0397484,11571.31,11289.7,677462.0,22920.5,29583.51,27027.91,34434.39,31346.28,40048.06,35171.63,45126.63,0.7747728,0.7849104,0.7827166,0.7793986,116466.32
164,2019,LOUISIANA,22,South,West South Central,0.0312638,0.0367249,17853.86,11766.67,632654.0,25747.79,32181.37,30148.52,37253.46,34841.76,43529.32,39193.85,49027.38,0.8000836,0.8092811,0.8004205,0.7994278,129931.92000000001
165,2019,MAINE,23,Northeast,New England,0.0419618,0.0418815,10394.18,14343.49,132559.0,23383.59,29978.45,26933.45,34417.0,30965.79,38919.09,34279.82,43344.96,0.7800133,0.7825624,0.7956452,0.7908604,115562.65
166,2019,MARYLAND,24,South,South Atlantic,0.0349833,0.0383505,15682.39,15148.27,896423.0,31569.66,37761.87,36745.65,43810.14,42580.13,51088.28,47854.21,57491.58,0.8360196,0.8387476,0.8334618,0.8323691,158749.65
167,2019,MASSACHUSETTS,25,Northeast,New England,0.0302761,0.0347634,12608.35,17603.46,866972.0,31390.91,39002.94,36412.8,45357.18,42580.41,53066.2,48018.86,59760.82,0.8048344,0.8028013,0.8024018,0.8035173,158402.98
168,2019,MICHIGAN,26,Midwest,East North Central,0.0356239,0.0383626,13755.72,11387.58,1310029.0,27296.71,33121.16,31509.4,38352.11,36237.06,44595.59,40455.18,49972.79,0.8241473,0.8215819,0.8125704,0.8095442,135498.35
169,2019,MINNESOTA,27,Midwest,West North Central,0.0361483,0.0418062,11131.72,12655.82,815738.0,28632.66,36509.26,33284.75,42069.34,38248.55,48554.98,42592.73,54258.84,0.7842574,0.7911879,0.787737,0.7849916,142758.69
170,2019,MISSISSIPPI,28,South,East South Central,0.0413883,0.040586,20175.33,9247.326,445176.0,22689.91,27936.1,26450.23,32115.32,29932.81,36805.45,33109.63,40844.96,0.8122076,0.8236016,0.8132712,0.8106173,112182.57999999999
171,2019,MISSOURI,29,Midwest,West North Central,0.0341665,0.0376095,12107.28,10772.77,883250.0,22828.74,31926.95,26274.06,36725.49,29946.51,42258.25,33568.0,47216.82,0.7150304,0.7154175,0.7086548,0.710933,112617.31
172,2019,MONTANA,30,West,Mountain,0.0402087,0.0393245,10985.47,11878.72,144087.0,25694.88,28235.7,28865.93,31907.84,32462.11,35796.45,35342.58,39483.88,0.9100142,0.9046658,0.9068529,0.8951143,122365.5
173,2019,NEBRASKA,31,Midwest,West North Central,0.0363689,0.0451456,11001.01,12257.16,320829.0,25381.0,29894.22,28304.3,33842.68,32518.55,38086.91,35490.13,42113.61,0.849027,0.8363492,0.8537987,0.8427236,121693.98000000001
174,2019,NEVADA,32,West,Mountain,0.0281647,0.0317994,13700.67,9343.717,448546.0,26247.03,33055.47,29642.15,37233.51,33467.79,42150.27,36589.47,46193.53,0.7940298,0.7961147,0.7940112,0.7920908,125946.44
175,2019,NEW HAMPSHIRE,33,Northeast,New England,0.0373351,0.0371122,8653.937,17445.1,169214.0,25930.88,33965.07,29524.54,38942.36,33587.14,44527.85,37695.79,49658.32,0.7634574,0.75816,0.7542951,0.7591031,126738.35
176,2019,NEW JERSEY,34,Northeast,Middle Atlantic,0.0456465,0.0462941,12221.0,19840.05,1313229.0,38306.5,40961.38,44536.87,47448.45,51418.68,54977.77,57612.73,61678.68,0.9351857,0.938637,0.935263,0.9340785,191874.78
177,2019,NEW MEXICO,35,West,Mountain,0.038288,0.0426142,15502.46,10176.62,318845.0,22015.29,28646.03,25008.29,32629.94,28853.49,37348.23,31832.11,41670.01,0.7685287,0.7664216,0.772553,0.7639094,107709.18000000001
178,2019,NEW YORK,36,Northeast,Middle Atlantic,0.04292,0.0559309,17236.23,25148.46,2540496.0,37433.93,41242.29,43459.16,47462.81,49694.09,55047.96,55683.85,61602.24,0.907659,0.9156466,0.9027418,0.9039257,186271.03
179,2019,NORTH CAROLINA,37,South,South Atlantic,0.0283233,0.0333451,14281.84,9856.789,1440327.0,23917.45,33285.45,27585.65,38474.16,31902.06,44484.66,35569.47,49703.44,0.7185557,0.7169917,0.7171474,0.7156339,118974.63
180,2019,NORTH DAKOTA,38,Midwest,West North Central,0.0307501,0.0418497,10184.56,13432.4,110362.0,27623.62,31763.76,30663.0,35678.98,34631.86,40225.95,38192.45,44082.02,0.8696584,0.8594136,0.8609333,0.8663951,131110.93
181,2019,OHIO,39,Midwest,East North Central,0.038313,0.0450393,13478.24,12558.19,1583056.0,27995.76,33069.04,32531.42,38214.82,37296.59,44216.27,41666.84,49390.02,0.8465852,0.8512776,0.843504,0.8436289,139490.61
182,2019,OKLAHOMA,40,South,West South Central,0.0327964,0.0357447,12225.54,9305.703,658128.0,22031.02,30858.08,25039.94,35098.48,28595.71,39818.69,31356.25,43945.41,0.7139465,0.7134193,0.7181478,0.7135272,107022.92
183,2019,OREGON,41,West,Pacific,0.0376603,0.0419686,10731.51,11754.2,580797.0,27324.69,34232.81,32096.4,39344.37,36338.31,45313.3,40455.94,50579.53,0.7982018,0.8157813,0.8019347,0.7998481,136215.34
184,2019,PENNSYLVANIA,42,Northeast,Middle Atlantic,0.0404886,0.0436241,12366.3,15342.73,1566383.0,30053.31,32856.72,34987.56,38044.1,40318.4,44320.12,45042.76,49712.86,0.9146777,0.9196579,0.9097087,0.9060585,150402.03
185,2019,RHODE ISLAND,44,Northeast,New England,0.0439316,0.0446811,13722.3,16665.41,133091.0,31047.7,35971.55,36543.58,42420.46,43020.31,49725.66,48874.27,56865.58,0.8631182,0.8614613,0.8651531,0.8594701,159485.86
186,2019,SOUTH CAROLINA,45,South,South Atlantic,0.040885,0.0425532,14680.24,11082.17,717056.0,22499.59,30019.19,26278.73,34755.52,30399.15,40449.09,34019.21,45391.63,0.7495071,0.7561025,0.7515409,0.7494601,113196.68
187,2019,SOUTH DAKOTA,46,Midwest,West North Central,0.0303107,0.0338904,10238.54,10031.91,134928.0,26562.95,29799.94,29298.91,32883.05,31933.04,36506.16,34469.54,39118.68,0.8913758,0.8910032,0.8747302,0.8811527,122264.44
188,2019,TENNESSEE,47,South,East South Central,0.0281024,0.0316119,11394.45,9670.87,848424.0,21510.17,29297.6,25406.71,34454.67,29936.58,40812.11,33809.66,46365.7,0.7341956,0.7373952,0.7335221,0.7291955,110663.12
189,2019,TEXAS,48,South,West South Central,0.0321973,0.0387769,16372.99,9728.87,5110806.0,25927.2,35210.43,29999.21,40660.52,34626.96,47039.21,38653.1,52753.84,0.73635,0.7377969,0.7361296,0.7327068,129206.47
190,2019,UTAH,49,West,Mountain,0.0305099,0.0384401,9009.031,8005.192,563140.0,24722.46,32111.66,28854.13,37511.31,33652.11,43758.6,38379.14,49470.35,0.7698904,0.7692116,0.7690399,0.7758009,125607.84
191,2019,VERMONT,50,Northeast,New England,0.05151095,0.05150035,9466.373,18536.14,18406.0,28130.57,30916.59,32199.42,35295.64,37241.58,40450.52,40737.83,45210.86,0.9098859,0.9122775,0.92067,0.9010629,138309.40000000002
192,2019,VIRGINIA,51,South,South Atlantic,0.0335275,0.0367637,13098.07,12639.84,1289176.0,24909.05,36069.03,28825.38,41721.48,33441.66,48385.84,37112.21,54187.52,0.6905939,0.6909002,0.6911455,0.6848848,124288.29999999999
193,2019,WEST VIRGINIA,54,South,South Atlantic,0.039063,0.0405651,10166.61,11944.28,267976.0,23737.59,28562.75,27744.43,33483.48,32437.09,39032.18,36914.95,44255.46,0.831068,0.8286005,0.8310347,0.8341331,120834.06
194,2019,WISCONSIN,55,Midwest,East North Central,0.0362706,0.0402427,11925.79,12574.99,846480.0,27278.63,33791.35,31211.15,38558.43,35666.1,44200.44,39514.93,48983.71,0.8072665,0.8094509,0.8069174,0.8066953,133670.81
195,2019,WYOMING,56,West,Mountain,0.0436739,0.0476881,8665.786,16304.0,93734.0,26115.92,27396.07,30270.91,31159.64,34207.95,35337.31,37740.6,39446.26,0.9532725,0.9714783,0.9680406,0.9567599,128335.38
196,2020,ALABAMA,1,South,East South Central,0.0361682,0.0367229,16345.03,10128.49,722548.0,23245.48,30388.89,27088.85,35538.0,31501.39,41540.75,35276.16,46934.67,0.7649336,0.7622502,0.7583251,0.7516012,117111.88
197,2020,ALASKA,2,West,Pacific,0.0451562,0.0516704,12518.96,18560.79,121711.0,33394.41,35515.42,38527.7,41750.16,44743.52,47943.76,50725.66,53687.42,0.9402792,0.9228156,0.9332501,0.9448332,167391.29
198,2020,ARIZONA,4,West,Mountain,0.0257983,0.0269602,11363.27,8689.283,934525.0,24029.47,36085.28,27242.58,41116.43,30898.91,46818.32,34272.73,51775.86,0.6659079,0.6625715,0.6599749,0.6619442,116443.69
199,2020,ARKANSAS,5,South,West South Central,0.0417688,0.0397548,15454.95,10092.15,470182.0,24066.91,33016.04,27196.72,37624.88,31258.69,42692.05,34437.82,47206.5,0.7289459,0.7228387,0.7321901,0.7295143,116960.14000000001
200,2020,CALIFORNIA,6,West,Pacific,0.0321319,0.0363618,15330.33,13415.4,5465333.0,35483.34,43672.59,41138.23,50571.94,47546.3,58703.2,53334.52,66046.74,0.8124855,0.8134598,0.809944,0.8075269,177502.39
201,2020,COLORADO,8,West,Mountain,0.0311268,0.0331113,11298.3,11503.26,891084.0,23433.87,36253.49,27044.84,41651.07,30900.54,48131.98,34692.39,53955.77,0.6463895,0.6493192,0.6419958,0.6429782,116071.64
202,2020,CONNECTICUT,9,Northeast,New England,0.0357655,0.0361964,12710.12,20543.33,483151.0,31494.88,39843.31,36555.78,46336.55,43088.43,54150.89,48464.26,61103.64,0.7904683,0.7889187,0.7957105,0.7931486,159603.35
203,2020,DELAWARE,10,South,South Atlantic,0.0300141,0.0417982,16053.02,17066.3,116518.0,31855.56,38330.51,37045.21,44664.13,42711.87,52039.51,48394.54,58044.49,0.8310758,0.8294177,0.8207585,0.8337492,160007.18000000002
204,2020,DISTRICT OF COLUMBIA,11,South,South Atlantic,0.0219184,0.0527624,25771.8,22856.0,50971.0,29745.83,40601.59,36035.95,50022.47,44949.06,61737.17,52275.88,73658.5,0.7326272,0.7203953,0.7280713,0.7097059,163006.72
205,2020,FLORIDA,12,South,South Atlantic,0.0289851,0.0266149,13338.48,9936.786,2838569.0,26458.42,34031.54,30201.77,38730.24,34209.23,43998.83,37747.97,48594.82,0.7774677,0.779798,0.7775033,0.77679,128617.39000000001
206,2020,GEORGIA,13,South,South Atlantic,0.0359567,0.0417636,17334.84,11648.56,1735585.0,24252.75,33859.23,28009.9,39356.93,32467.06,45684.59,36204.04,51166.56,0.7162818,0.7116891,0.7106786,0.7075722,120933.75
207,2020,HAWAII,15,West,Pacific,0.0255203,0.0273078,16292.0,16292.0,174704.0,29988.38,33601.52,34693.93,38225.82,38796.66,43524.02,42879.14,48218.87,0.8924708,0.9076048,0.8913849,0.8892606,146358.11
208,2020,IDAHO,16,West,Mountain,0.0313562,0.029883,9538.832,8249.993,287904.0,22828.77,30175.46,26171.93,34654.21,30186.12,39416.09,33276.56,43992.32,0.7565342,0.7552309,0.7658322,0.7564175,112463.37999999999
209,2020,INDIANA,18,Midwest,East North Central,0.0316173,0.0345173,11944.1,10780.29,996378.0,24125.69,31781.31,27762.89,36277.03,31616.91,41707.89,35063.24,46317.07,0.7591156,0.7653022,0.758056,0.7570263,118568.73000000001
210,2020,IOWA,19,Midwest,West North Central,0.0375988,0.0443259,10968.0,11322.87,517324.0,26564.48,32500.29,29914.69,36736.89,33920.11,41639.11,37336.5,45800.57,0.8173614,0.8142955,0.8146214,0.8151973,127735.78
211,2020,KANSAS,20,Midwest,West North Central,0.03852,0.0423251,11584.01,12116.79,492558.0,23858.89,31107.93,27065.22,35290.34,30878.84,40043.75,33928.45,44208.76,0.7669713,0.7669299,0.7711276,0.76746,115731.4
212,2020,KENTUCKY,21,South,East South Central,0.0362941,0.0378887,11610.21,11396.79,691816.0,23590.25,30895.02,27534.23,35821.49,31910.71,41766.76,35978.03,47053.75,0.7635614,0.7686513,0.7640218,0.7646157,119013.22
213,2020,LOUISIANA,22,South,West South Central,0.0334426,0.0350947,17204.8,11856.84,631826.0,23134.54,32967.24,26708.82,38213.15,31327.68,44392.98,35316.09,50104.5,0.7017432,0.6989433,0.70569,0.7048485,116487.13
214,2020,MAINE,23,Northeast,New England,0.0413857,0.0396005,10792.54,14506.63,132658.0,25607.58,32448.3,29375.3,36923.2,33362.16,41992.51,36781.01,46482.0,0.7891809,0.7955784,0.7944788,0.7912959,125126.05000000002
215,2020,MARYLAND,24,South,South Atlantic,0.0366757,0.0383914,15613.89,15488.62,909003.0,32327.69,40652.03,37943.81,47320.1,43776.27,54923.45,49054.9,61939.47,0.7952294,0.8018539,0.7970415,0.7919813,163102.66999999998
216,2020,MASSACHUSETTS,25,Northeast,New England,0.0312561,0.0343569,12814.64,18614.26,861002.0,31556.78,41248.17,36671.82,47965.0,43012.83,56030.17,48181.84,63187.5,0.7650468,0.7645537,0.7676727,0.7625217,159423.27000000002
217,2020,MICHIGAN,26,Midwest,East North Central,0.0368216,0.0368753,13978.22,11635.41,1299608.0,27483.62,34652.58,32207.6,40143.29,37050.99,46655.89,41242.0,52295.42,0.7931189,0.802316,0.7941333,0.7886351,137984.21
218,2020,MINNESOTA,27,Midwest,West North Central,0.0376192,0.0411877,11155.96,12870.44,813251.0,28381.43,37742.44,32693.9,43430.64,37792.14,50104.62,41987.47,56088.57,0.7519767,0.7527843,0.7542647,0.7485923,140854.94
219,2020,MISSISSIPPI,28,South,East South Central,0.0436264,0.0403465,20128.26,9620.342,440027.0,22476.53,27523.36,26162.19,31573.89,29839.51,36274.43,33120.03,40302.13,0.8166345,0.8286018,0.8226045,0.8217935,111598.26
220,2020,MISSOURI,29,Midwest,West North Central,0.0345216,0.0363542,12142.42,10804.17,880489.0,23032.89,31428.98,26409.47,36094.46,30329.02,41422.59,33886.52,46322.31,0.7328553,0.7316765,0.7321854,0.7315377,113657.9
221,2020,MONTANA,30,West,Mountain,0.0412203,0.0373757,11271.33,11962.25,144947.0,25066.6,27388.45,27924.24,31078.51,31902.52,34797.97,34958.19,38346.34,0.9152251,0.8985062,0.9167925,0.9116434,119851.55
222,2020,NEBRASKA,31,Midwest,West North Central,0.0365102,0.044047,11425.96,12428.11,323551.0,24278.56,32365.45,27614.37,36573.14,31202.42,41204.42,34172.19,45197.32,0.7501383,0.7550451,0.7572591,0.7560667,117267.54000000001
223,2020,NEVADA,32,West,Mountain,0.0292216,0.030756,13991.42,9813.969,447293.0,26894.75,35864.08,30605.95,40642.58,34309.54,45754.84,37660.17,50396.14,0.7499077,0.7530513,0.7498559,0.7472829,129470.40999999999
224,2020,NEW HAMPSHIRE,33,Northeast,New England,0.0366626,0.0346616,9013.129,17884.18,167747.0,24794.48,35943.85,28176.79,41214.88,32302.06,47184.4,35747.14,52471.32,0.6898115,0.6836558,0.6845919,0.6812701,121020.47
225,2020,NEW JERSEY,34,Northeast,Middle Atlantic,0.046392,0.0447236,12593.57,20017.46,1319953.0,37994.75,44103.1,43877.03,51120.3,50722.74,59276.0,56630.36,66375.01,0.8614984,0.8583093,0.8557045,0.853188,189224.88
226,2020,NEW MEXICO,35,West,Mountain,0.0411667,0.0430345,15338.31,11331.45,315372.0,24307.32,32022.6,27695.7,36666.95,32064.37,41815.82,35294.52,46720.5,0.7590677,0.7553315,0.7667999,0.7554396,119361.91
227,2020,NEW YORK,36,Northeast,Middle Atlantic,0.0433849,0.0543321,17735.9,25532.25,2520878.0,38219.48,41448.82,44124.33,47731.2,50720.12,55232.9,56553.43,61845.3,0.9220887,0.9244338,0.9182954,0.9144337,189617.36
228,2020,NORTH CAROLINA,37,South,South Atlantic,0.0281836,0.031776,14276.2,9958.034,1441355.0,24025.26,34780.66,27627.49,40159.81,31778.58,46332.09,35628.94,51794.17,0.6907649,0.6879389,0.685887,0.6878948,119060.27
229,2020,NORTH DAKOTA,38,Midwest,West North Central,0.0345697,0.042345,10267.34,13634.35,112475.0,30290.9,31406.37,33800.3,35647.38,38436.92,39828.39,42239.15,43885.56,0.9644827,0.9481847,0.9650632,0.962484,144767.27
230,2020,OHIO,39,Midwest,East North Central,0.0391476,0.0437902,13476.35,12778.86,1576664.0,28321.49,33838.05,33036.81,39009.48,37873.05,45129.18,42225.92,50452.3,0.8369717,0.8468918,0.8392143,0.8369474,141457.27000000002
231,2020,OKLAHOMA,40,South,West South Central,0.0348635,0.0345462,12265.58,9488.039,655391.0,22836.58,31517.92,26130.94,35771.57,29492.3,40585.34,32582.49,44885.62,0.7245588,0.7304946,0.7266737,0.7259004,111042.31000000001
232,2020,OREGON,41,West,Pacific,0.0394701,0.0418828,10770.99,12130.39,580542.0,27410.88,35415.9,31281.35,40842.21,35734.48,46861.2,40054.96,52420.07,0.773971,0.7659073,0.7625602,0.7641149,134481.66999999998
233,2020,PENNSYLVANIA,42,Northeast,Middle Atlantic,0.0417017,0.0426465,12119.51,15602.99,1564541.0,31002.03,35140.0,36043.57,40626.64,41554.82,47208.66,46564.61,53078.41,0.8822433,0.8871907,0.8802371,0.8772796,155165.03000000003
234,2020,RHODE ISLAND,44,Northeast,New England,0.0439392,0.0418829,13869.97,16759.89,132629.0,37812.59,35881.08,43570.87,42338.05,51224.62,49652.52,58618.46,56431.9,1.053831,1.029119,1.031662,1.038747,191226.53999999998
235,2020,SOUTH CAROLINA,45,South,South Atlantic,0.0413825,0.0409425,14799.67,11496.5,721687.0,24075.2,30332.91,27951.69,35225.38,32612.07,40909.69,36318.63,45910.25,0.7936989,0.79351,0.7971723,0.791079,120957.59
236,2020,SOUTH DAKOTA,46,Midwest,West North Central,0.0310159,0.0328254,10562.67,10091.45,136052.0,25519.0,30960.42,28439.71,33990.18,31058.63,37455.57,33319.65,40415.38,0.824246,0.8367039,0.8292126,0.8244299,118336.98999999999
237,2020,TENNESSEE,47,South,East South Central,0.0278824,0.0298042,11493.5,9770.979,854846.0,22444.53,30182.91,26408.72,35553.5,30753.02,41947.8,35266.12,47633.11,0.7436173,0.7427883,0.7331259,0.7403698,114872.39000000001
238,2020,TEXAS,48,South,West South Central,0.0351233,0.0397973,16782.87,10236.74,5152599.0,27155.22,36261.59,31478.53,41942.76,36343.95,48510.79,40554.07,54329.44,0.7488701,0.7505116,0.7491933,0.7464474,135531.77
239,2020,UTAH,49,West,Mountain,0.031507,0.0378383,8898.661,8331.579,571753.0,24990.62,33271.27,29404.41,38841.39,33940.23,45064.04,38607.94,51260.85,0.7511172,0.7570381,0.7531555,0.7531661,126943.20000000001
240,2020,VERMONT,50,Northeast,New England,0.05151095,0.05150035,9466.373,18536.14,18406.0,25835.37,31641.26,29802.05,35968.97,33563.82,41128.62,37588.66,45738.69,0.8165091,0.8285489,0.8160698,0.8218132,126789.9
241,2020,VIRGINIA,51,South,South Atlantic,0.033487,0.0354994,13114.12,12903.77,1296817.0,25549.18,37838.63,29632.07,43837.85,34352.76,50796.79,38399.58,56855.02,0.6752143,0.6759472,0.6762781,0.6753947,127933.59000000001
242,2020,WEST VIRGINIA,54,South,South Atlantic,0.0418849,0.0404802,10497.85,12293.8,263486.0,24184.06,31490.64,28405.51,36868.8,33146.43,43167.52,37285.21,48516.18,0.767976,0.7704483,0.7678559,0.7685109,123021.20999999999
243,2020,WISCONSIN,55,Midwest,East North Central,0.0369426,0.0391406,12025.99,12716.18,842439.0,26405.21,35223.57,30235.51,40327.55,34462.73,45995.96,38249.97,50996.18,0.749646,0.7497483,0.7492557,0.7500556,129353.42000000001
244,2020,WYOMING,56,West,Mountain,0.0462379,0.0464418,8892.693,16698.27,94234.0,27934.31,30925.23,31826.4,34826.73,35967.7,39713.7,40586.87,44182.71,0.9032853,0.9138497,0.9056749,0.9186142,136315.28
245,2021,ALABAMA,1,South,East South Central,0.0365899,0.0365289,18604.98,10693.48,710694.0,23119.77,31200.15,27286.84,36672.34,31644.15,42738.62,35542.01,48101.47,0.7410148,0.7440714,0.7404112,0.7388966,117592.77000000002
246,2021,ALASKA,2,West,Pacific,0.0477406,0.0537333,13655.04,20456.6,113626.0,33243.66,35756.13,37045.83,41370.93,43150.56,47655.73,48147.11,53618.39,0.929733,0.8954556,0.9054642,0.897959,161587.16
247,2021,ARIZONA,4,West,Mountain,0.0250339,0.0255338,12263.95,9535.985,876607.0,26721.95,37611.17,30175.31,42727.98,34378.63,48746.54,38017.09,53944.07,0.710479,0.706219,0.7052526,0.7047501,129292.98
248,2021,ARKANSAS,5,South,West South Central,0.0403901,0.0383769,16718.07,10977.41,455918.0,24862.97,34283.67,28245.87,38973.11,32429.31,44331.24,35744.74,48999.95,0.7252131,0.7247527,0.7315227,0.7294852,121282.88999999998
249,2021,CALIFORNIA,6,West,Pacific,0.0310316,0.0336903,16755.43,14355.84,5289329.0,35810.56,45851.35,41606.58,53092.06,48106.29,61588.25,53721.42,69264.52,0.7810143,0.7836685,0.7810952,0.7755979,179244.84999999998
250,2021,COLORADO,8,West,Mountain,0.0310512,0.0323625,12295.77,12134.58,856446.0,25569.0,37508.82,29520.79,43018.09,34130.57,49829.13,37749.46,55716.25,0.6816796,0.6862414,0.6849523,0.6775306,126969.82
251,2021,CONNECTICUT,9,Northeast,New England,0.0360915,0.0353246,14210.73,21878.02,468502.0,32160.83,40133.34,37734.0,46736.61,43675.03,54418.34,49144.8,61475.6,0.8013496,0.8073758,0.8025793,0.7994196,162714.66
252,2021,DELAWARE,10,South,South Atlantic,0.0295509,0.0396627,17538.79,17359.75,114125.0,30496.07,37108.76,34895.26,42972.35,40548.71,49750.32,45786.37,56178.48,0.8218026,0.8120399,0.8150441,0.8150162,151726.41
253,2021,DISTRICT OF COLUMBIA,11,South,South Atlantic,0.0222993,0.051901,29465.8,24535.0,49896.0,32750.14,41707.27,39203.86,51473.39,49458.41,63741.58,58803.91,75616.54,0.7852381,0.7616336,0.7759206,0.7776594,180216.32
254,2021,FLORIDA,12,South,South Atlantic,0.0278295,0.0252074,14501.24,10421.68,2748883.0,27062.55,35103.55,30796.16,39832.48,34907.22,45237.86,38480.3,49978.16,0.7709349,0.7731419,0.7716373,0.7699423,131246.22999999998
255,2021,GEORGIA,13,South,South Atlantic,0.0347666,0.0390724,18859.57,12087.67,1690602.0,24924.84,35213.38,28829.9,40783.76,33531.39,47405.95,37504.93,53084.38,0.707823,0.7068967,0.7073245,0.7065154,124791.06
256,2021,HAWAII,15,West,Pacific,0.0265644,0.026265,16964.0,16964.0,173178.0,32429.32,33792.44,37174.8,38529.18,41983.21,43660.17,46493.72,48346.65,0.9596618,0.964848,0.9615905,0.9616741,158081.05
257,2021,IDAHO,16,West,Mountain,0.029317,0.0277793,10537.5,9032.155,278571.0,24193.01,31697.52,27905.44,36346.38,31625.67,41642.53,34988.29,46178.71,0.7632463,0.7677641,0.7594561,0.7576714,118712.41
258,2021,INDIANA,18,Midwest,East North Central,0.0307175,0.0324375,12835.31,11420.71,976201.0,24320.8,32779.32,27991.19,37628.02,31838.08,42914.62,35436.43,47740.14,0.7419558,0.7438923,0.7418935,0.7422774,119586.5
259,2021,IOWA,19,Midwest,West North Central,0.0360724,0.0425912,11737.98,12034.84,506656.0,26570.8,33325.13,30002.31,37842.73,33742.07,42760.02,37217.77,47070.17,0.7973202,0.7928157,0.7891033,0.7906869,127532.94999999998
260,2021,KANSAS,20,Midwest,West North Central,0.0405637,0.0439227,12250.14,12845.14,476714.0,25118.06,31813.21,28557.21,36174.98,32367.29,40995.46,35994.48,45311.55,0.7895482,0.7894187,0.7895335,0.7943776,122037.04000000001
261,2021,KENTUCKY,21,South,East South Central,0.0347915,0.0353592,12997.78,12125.8,658657.0,25174.86,31935.47,29382.49,37147.1,34022.24,43073.32,38350.95,48560.46,0.788304,0.7909768,0.7898681,0.7897565,126930.54
262,2021,LOUISIANA,22,South,West South Central,0.0361249,0.0358273,19728.23,13413.04,612129.0,25169.29,33233.36,29400.55,38664.07,34040.66,44888.75,38001.72,50653.12,0.7573499,0.7604102,0.7583338,0.7502345,126612.22
263,2021,MAINE,23,Northeast,New England,0.0421308,0.0402687,11739.35,17332.37,126680.0,26403.59,34049.32,30539.17,38837.13,34430.75,44333.98,38424.75,49040.26,0.7754514,0.7863396,0.7766222,0.7835348,129798.26
264,2021,MARYLAND,24,South,South Atlantic,0.0357485,0.0362764,18271.94,16417.47,882124.0,31939.33,41842.27,37224.66,48734.34,43242.85,56653.13,48588.11,63863.14,0.763327,0.7638281,0.7632914,0.760816,160994.95
265,2021,MASSACHUSETTS,25,Northeast,New England,0.0317533,0.0339653,14536.86,20259.53,824178.0,33011.18,42605.87,38203.52,49478.13,44817.12,57889.61,50303.5,65293.18,0.7748035,0.7721294,0.7741824,0.770425,166335.32
266,2021,MICHIGAN,26,Midwest,East North Central,0.0366751,0.0360858,15034.33,12560.54,1248491.0,28037.54,35585.84,32792.97,41146.71,37680.37,47799.14,42292.44,53706.81,0.7878848,0.7969767,0.7883063,0.7874689,140803.32
267,2021,MINNESOTA,27,Midwest,West North Central,0.0364989,0.0389728,12107.54,13609.25,788619.0,29528.69,38999.74,34152.31,45061.7,39267.46,51760.36,43776.7,57956.4,0.7571509,0.7579012,0.7586397,0.7553385,146725.15999999997
268,2021,MISSISSIPPI,28,South,East South Central,0.0424929,0.0392098,21526.1,10130.46,415761.0,22624.27,27593.95,25775.45,31724.38,29650.29,36250.13,32762.65,40387.98,0.8198997,0.8124808,0.8179361,0.8111982,110812.66
269,2021,MISSOURI,29,Midwest,West North Central,0.0336836,0.0348188,13318.0,11401.86,852035.0,24956.46,33382.55,29077.81,38464.89,33224.11,44162.39,36742.7,49403.16,0.7475901,0.7559572,0.7523168,0.7437318,124001.08
270,2021,MONTANA,30,West,Mountain,0.0396329,0.0359383,12519.68,13156.5,141181.0,27473.04,31139.37,31438.86,34980.2,35219.48,39340.85,38870.63,43383.99,0.8822606,0.8987618,0.8952395,0.895967,133002.01
271,2021,NEBRASKA,31,Midwest,West North Central,0.037778,0.045373,12524.8,13294.14,318515.0,24768.74,33449.94,27746.87,37871.89,31391.56,42771.97,34195.9,47103.45,0.740472,0.7326508,0.7339282,0.7259745,118103.07
272,2021,NEVADA,32,West,Mountain,0.0289085,0.0289128,15510.02,10449.32,428853.0,27606.38,35893.25,30992.35,40507.3,35266.71,45577.53,38352.55,50162.6,0.7691246,0.7651054,0.773774,0.7645647,132217.99
273,2021,NEW HAMPSHIRE,33,Northeast,New England,0.0352431,0.0336581,9900.745,19423.45,159132.0,27765.95,37583.47,31860.04,42827.59,36086.02,49169.9,40410.96,54865.96,0.7387808,0.7439141,0.7339045,0.7365397,136122.97
274,2021,NEW JERSEY,34,Northeast,Middle Atlantic,0.0421841,0.0395049,13988.72,21543.4,1278495.0,40725.92,45449.43,47030.23,52593.84,54295.93,60948.95,60668.42,68317.73,0.896071,0.8942156,0.8908427,0.8880333,202720.5
275,2021,NEW MEXICO,35,West,Mountain,0.040071,0.0398488,17463.36,12126.73,300175.0,25306.34,32065.54,29461.3,36816.29,33524.05,42131.34,37203.22,46931.97,0.7892068,0.8002246,0.7957035,0.7927054,125494.91
276,2021,NEW YORK,36,Northeast,Middle Atlantic,0.0419627,0.0507457,19862.06,26583.15,2424264.0,39004.18,42568.31,45217.47,48938.36,51886.09,56589.59,57719.04,63443.09,0.9162726,0.9239677,0.9168841,0.9097766,193826.78
277,2021,NORTH CAROLINA,37,South,South Atlantic,0.027247,0.0300638,15396.73,10654.95,1386186.0,24291.91,35937.27,27972.08,41541.07,32395.87,47986.43,36032.24,53715.8,0.6759531,0.6733598,0.6751047,0.670794,120692.1
278,2021,NORTH DAKOTA,38,Midwest,West North Central,0.0352002,0.0414881,11507.42,14635.78,105333.0,31809.59,33932.64,36005.14,38208.55,40774.78,43073.08,44367.67,47519.36,0.9374332,0.942332,0.9466418,0.9336756,152957.18
279,2021,OHIO,39,Midwest,East North Central,0.0381126,0.0417162,15149.79,13501.11,1521994.0,29066.51,34468.05,33472.43,39740.96,38457.55,46005.98,42905.74,51427.11,0.8432884,0.8422652,0.8359251,0.8343021,143902.23
280,2021,OKLAHOMA,40,South,West South Central,0.0349672,0.0338205,14172.51,10486.13,609995.0,23378.05,32779.03,26503.35,37202.68,30126.96,42152.61,33142.53,46593.86,0.7132014,0.7124043,0.7147117,0.7113067,113150.88999999998
281,2021,OREGON,41,West,Pacific,0.0383674,0.0391751,11975.12,13036.56,558923.0,26967.0,37000.94,31019.06,42421.59,35661.37,48684.88,39656.2,54460.09,0.7288194,0.7312094,0.7324938,0.7281699,133303.63
282,2021,PENNSYLVANIA,42,Northeast,Middle Atlantic,0.0410488,0.0404064,13699.05,16249.16,1513947.0,31551.82,36240.69,36799.61,42065.71,42272.65,48805.69,47197.39,54738.66,0.8706186,0.8748125,0.8661419,0.8622313,157821.46999999997
283,2021,RHODE ISLAND,44,Northeast,New England,0.0445552,0.0413153,16756.9,18268.52,127560.0,33429.48,38594.86,39977.14,45045.13,46693.67,53255.01,52685.38,60603.36,0.8661641,0.8874909,0.8767939,0.8693476,172785.66999999998
284,2021,SOUTH CAROLINA,45,South,South Atlantic,0.0400074,0.0392023,16052.7,12460.12,694440.0,24099.92,31234.04,27746.68,36212.99,32403.66,41955.03,36140.09,47223.82,0.7715914,0.7662079,0.7723428,0.7652937,120390.34999999999
285,2021,SOUTH DAKOTA,46,Midwest,West North Central,0.0303764,0.0317916,11208.4,10823.02,135186.0,27112.63,31706.55,30011.75,34949.29,32733.03,38446.83,35769.09,41509.25,0.8551113,0.8587229,0.8513842,0.8617136,125626.5
286,2021,TENNESSEE,47,South,East South Central,0.0268221,0.0284013,12547.62,10422.29,828889.0,22634.02,31059.3,26608.58,36485.79,31415.11,43119.19,35555.33,48973.9,0.7287355,0.729286,0.7285645,0.7260056,116213.04000000001
287,2021,TEXAS,48,South,West South Central,0.0344671,0.0385446,18792.6,10893.22,5001188.0,27557.59,37619.77,31842.97,43504.36,36840.07,50262.13,41160.25,56332.29,0.7325295,0.7319489,0.7329587,0.7306687,137400.88
288,2021,UTAH,49,West,Mountain,0.0300054,0.0355507,9755.862,9071.621,566906.0,26419.2,34935.07,31029.99,40766.02,36226.63,47530.1,40875.18,53892.75,0.7562371,0.761173,0.762183,0.7584541,134551.0
289,2021,VERMONT,50,Northeast,New England,0.05151095,0.05150035,9466.373,18536.14,18406.0,26654.28,34004.88,30752.34,38579.95,34543.59,44299.58,38598.77,49250.78,0.7838371,0.7971069,0.7797723,0.7837189,130548.97999999998
290,2021,VIRGINIA,51,South,South Atlantic,0.0330049,0.0343017,14641.23,13834.85,1251486.0,26168.8,39414.33,30309.57,45704.36,35059.41,52841.19,39152.59,59225.05,0.6639413,0.6631659,0.6634864,0.6610816,130690.37
291,2021,WEST VIRGINIA,54,South,South Atlantic,0.041517,0.0399574,11350.18,12966.11,253447.0,25352.64,31518.31,29841.26,37103.16,34486.8,43081.0,38988.14,48474.75,0.8043782,0.8042782,0.8005107,0.8042979,128668.84
292,2021,WISCONSIN,55,Midwest,East North Central,0.0362606,0.0375049,13216.24,13571.65,816616.0,28500.0,36928.16,32559.14,42104.86,37126.27,48071.57,40982.75,53280.1,0.7717689,0.7732869,0.7723123,0.7691944,139168.16
293,2021,WYOMING,56,West,Mountain,0.0483161,0.0473079,9765.558,18143.85,92611.0,28045.54,28127.34,31777.59,32304.64,36528.73,36448.98,40331.33,40807.46,0.9970916,0.983685,1.002188,0.9883323,136683.19
